<?xml version="1.0" encoding="UTF-8"?>
<metadata xmlns="http://www.demandware.com/xml/impex/metadata/2006-10-31">
    <type-extension type-id="Order">
        <custom-attribute-definitions>
            <attribute-definition attribute-id="kount_BROWSER">
                <display-name xml:lang="x-default">Kount Order BROWSER</display-name>
                <type>string</type>
                <mandatory-flag>false</mandatory-flag>
                <externally-managed-flag>true</externally-managed-flag>
                <min-length>0</min-length>
                <field-length>0</field-length>
            </attribute-definition>
            <attribute-definition attribute-id="kount_CARDS">
                <display-name xml:lang="x-default">Kount Order CARDS</display-name>
                <type>string</type>
                <mandatory-flag>false</mandatory-flag>
                <externally-managed-flag>true</externally-managed-flag>
                <min-length>0</min-length>
                <field-length>0</field-length>
            </attribute-definition>
            <attribute-definition attribute-id="kount_COUNTRY">
                <display-name xml:lang="x-default">Kount Order COUNTRY</display-name>
                <type>string</type>
                <mandatory-flag>false</mandatory-flag>
                <externally-managed-flag>true</externally-managed-flag>
                <min-length>0</min-length>
                <field-length>0</field-length>
            </attribute-definition>
            <attribute-definition attribute-id="kount_DEVICES">
                <display-name xml:lang="x-default">Kount Order DEVICES</display-name>
                <type>string</type>
                <mandatory-flag>false</mandatory-flag>
                <externally-managed-flag>true</externally-managed-flag>
                <min-length>0</min-length>
                <field-length>0</field-length>
            </attribute-definition>
            <attribute-definition attribute-id="kount_EMAILS">
                <display-name xml:lang="x-default">Kount Order EMAILS</display-name>
                <type>string</type>
                <mandatory-flag>false</mandatory-flag>
                <externally-managed-flag>true</externally-managed-flag>
                <min-length>0</min-length>
                <field-length>0</field-length>
            </attribute-definition>
            <attribute-definition attribute-id="kount_ENSF">
                <display-name xml:lang="x-default">Kount ENS Flagged</display-name>
                <type>boolean</type>
                <mandatory-flag>false</mandatory-flag>
                <externally-managed-flag>true</externally-managed-flag>
            </attribute-definition>
            <attribute-definition attribute-id="kount_GEOX">
                <display-name xml:lang="x-default">Kount Order GEOX</display-name>
                <type>string</type>
                <mandatory-flag>false</mandatory-flag>
                <externally-managed-flag>true</externally-managed-flag>
                <min-length>0</min-length>
                <field-length>0</field-length>
            </attribute-definition>
            <attribute-definition attribute-id="kount_IP_ORG">
                <display-name xml:lang="x-default">Kount Order IP_ORG</display-name>
                <type>string</type>
                <mandatory-flag>false</mandatory-flag>
                <externally-managed-flag>true</externally-managed-flag>
                <min-length>0</min-length>
                <field-length>0</field-length>
            </attribute-definition>
            <attribute-definition attribute-id="kount_NETW">
                <display-name xml:lang="x-default">Kount Order NETW</display-name>
                <type>string</type>
                <mandatory-flag>false</mandatory-flag>
                <externally-managed-flag>true</externally-managed-flag>
                <min-length>0</min-length>
                <field-length>0</field-length>
            </attribute-definition>
            <attribute-definition attribute-id="kount_OS">
                <display-name xml:lang="x-default">Kount Order OS</display-name>
                <type>string</type>
                <mandatory-flag>false</mandatory-flag>
                <externally-managed-flag>true</externally-managed-flag>
                <min-length>0</min-length>
                <field-length>0</field-length>
            </attribute-definition>
            <attribute-definition attribute-id="kount_SCOR">
                <display-name xml:lang="x-default">Kount Order SCOR</display-name>
                <type>string</type>
                <mandatory-flag>false</mandatory-flag>
                <externally-managed-flag>true</externally-managed-flag>
                <min-length>0</min-length>
                <field-length>0</field-length>
            </attribute-definition>
            <attribute-definition attribute-id="kount_Status">
                <display-name xml:lang="x-default">Kount Order Status</display-name>
                <type>enum-of-string</type>
                <mandatory-flag>false</mandatory-flag>
                <externally-managed-flag>true</externally-managed-flag>
                <value-definitions>
                    <value-definition>
                        <display xml:lang="x-default">Approved</display>
                        <value>APPROVED</value>
                    </value-definition>
                    <value-definition>
                        <display xml:lang="x-default">Hold</display>
                        <value>HOLD</value>
                    </value-definition>
                    <value-definition>
                        <display xml:lang="x-default">Declined</display>
                        <value>DECLINED</value>
                    </value-definition>
                    <value-definition>
                        <display xml:lang="x-default">Retry</display>
                        <value>RETRY</value>
                    </value-definition>
                </value-definitions>
            </attribute-definition>
            <attribute-definition attribute-id="kount_TRAN">
                <display-name xml:lang="x-default">Kount Order Transaction ID</display-name>
                <type>string</type>
                <mandatory-flag>false</mandatory-flag>
                <externally-managed-flag>true</externally-managed-flag>
                <min-length>0</min-length>
                <field-length>0</field-length>
            </attribute-definition>
            <attribute-definition attribute-id="kount_VELO">
                <display-name xml:lang="x-default">Kount Order VELO</display-name>
                <type>string</type>
                <mandatory-flag>false</mandatory-flag>
                <externally-managed-flag>true</externally-managed-flag>
                <min-length>0</min-length>
                <field-length>0</field-length>
            </attribute-definition>
            <attribute-definition attribute-id="kount_VMAX">
                <display-name xml:lang="x-default">Kount Order VMAX</display-name>
                <type>string</type>
                <mandatory-flag>false</mandatory-flag>
                <externally-managed-flag>true</externally-managed-flag>
                <min-length>0</min-length>
                <field-length>0</field-length>
            </attribute-definition>
            <attribute-definition attribute-id="kount_REASON_CODE">
                <display-name xml:lang="x-default">Kount Order REASON CODE</display-name>
                <type>string</type>
                <mandatory-flag>false</mandatory-flag>
                <externally-managed-flag>true</externally-managed-flag>
                <min-length>0</min-length>
                <field-length>0</field-length>
            </attribute-definition>
            <attribute-definition attribute-id="kount_REPLY">
                <display-name xml:lang="x-default">Kount Order REPLY</display-name>
                <type>string</type>
                <mandatory-flag>false</mandatory-flag>
                <externally-managed-flag>true</externally-managed-flag>
                <min-length>0</min-length>
                <field-length>0</field-length>
            </attribute-definition>
			<attribute-definition attribute-id="kount_AVST">
                <display-name xml:lang="x-default">Address Verification System Street</display-name>
                <type>string</type>
                <mandatory-flag>false</mandatory-flag>
                <externally-managed-flag>true</externally-managed-flag>
                <min-length>0</min-length>
            </attribute-definition>
            <attribute-definition attribute-id="kount_AVSZ">
                <display-name xml:lang="x-default">Address Verification System Zip Code</display-name>
                <type>string</type>
                <mandatory-flag>false</mandatory-flag>
                <externally-managed-flag>true</externally-managed-flag>
                <min-length>0</min-length>
            </attribute-definition>
			<attribute-definition attribute-id="kount_CVVR">
                <display-name xml:lang="x-default">Card Verification Value</display-name>
                <type>string</type>
                <mandatory-flag>false</mandatory-flag>
                <externally-managed-flag>true</externally-managed-flag>
                <min-length>0</min-length>
            </attribute-definition>
			<attribute-definition attribute-id="kount_KHash">
                <display-name xml:lang="x-default">Kount KHash</display-name>
                <type>string</type>
                <mandatory-flag>false</mandatory-flag>
                <externally-managed-flag>true</externally-managed-flag>
                <min-length>0</min-length>
            </attribute-definition>
            <attribute-definition attribute-id="kount_SessionId">
                <display-name xml:lang="x-default">Kount session id</display-name>
                <type>string</type>
                <mandatory-flag>false</mandatory-flag>
                <externally-managed-flag>true</externally-managed-flag>
                <min-length>0</min-length>
            </attribute-definition>
            <attribute-definition attribute-id="kount_Retries">
                <display-name xml:lang="x-default">Kount Retries</display-name>
                <type>int</type>
                <mandatory-flag>false</mandatory-flag>
                <externally-managed-flag>true</externally-managed-flag>
            </attribute-definition>
        </custom-attribute-definitions>
        <group-definitions>
            <attribute-group group-id="Kount">
                <display-name xml:lang="x-default">Kount</display-name>
                <attribute attribute-id="kount_Status"/>
                <attribute attribute-id="kount_TRAN"/>
                <attribute attribute-id="kount_COUNTRY"/>
                <attribute attribute-id="kount_VELO"/>
                <attribute attribute-id="kount_CARDS"/>
                <attribute attribute-id="kount_OS"/>
                <attribute attribute-id="kount_SCOR"/>
                <attribute attribute-id="kount_BROWSER"/>
                <attribute attribute-id="kount_EMAILS"/>
                <attribute attribute-id="kount_VMAX"/>
                <attribute attribute-id="kount_GEOX"/>
                <attribute attribute-id="kount_IP_ORG"/>
                <attribute attribute-id="kount_NETW"/>
                <attribute attribute-id="kount_DEVICES"/>
                <attribute attribute-id="kount_REPLY"/>
                <attribute attribute-id="kount_REASON_CODE"/>
				<attribute attribute-id="kount_AVST"/>
                <attribute attribute-id="kount_AVSZ"/>
                <attribute attribute-id="kount_CVVR"/>
                <attribute attribute-id="kount_ENSF"/>
                <attribute attribute-id="kount_Retries"/>
            </attribute-group>
        </group-definitions>
    </type-extension>

    <type-extension type-id="Basket">
        <custom-attribute-definitions>
            <attribute-definition attribute-id="kount_BROWSER">
                <display-name xml:lang="x-default">Kount Order BROWSER</display-name>
                <type>string</type>
                <mandatory-flag>false</mandatory-flag>
                <externally-managed-flag>true</externally-managed-flag>
                <min-length>0</min-length>
                <field-length>0</field-length>
            </attribute-definition>
            <attribute-definition attribute-id="kount_CARDS">
                <display-name xml:lang="x-default">Kount Order CARDS</display-name>
                <type>string</type>
                <mandatory-flag>false</mandatory-flag>
                <externally-managed-flag>true</externally-managed-flag>
                <min-length>0</min-length>
                <field-length>0</field-length>
            </attribute-definition>
            <attribute-definition attribute-id="kount_COUNTRY">
                <display-name xml:lang="x-default">Kount Order COUNTRY</display-name>
                <type>string</type>
                <mandatory-flag>false</mandatory-flag>
                <externally-managed-flag>true</externally-managed-flag>
                <min-length>0</min-length>
                <field-length>0</field-length>
            </attribute-definition>
            <attribute-definition attribute-id="kount_DEVICES">
                <display-name xml:lang="x-default">Kount Order DEVICES</display-name>
                <type>string</type>
                <mandatory-flag>false</mandatory-flag>
                <externally-managed-flag>true</externally-managed-flag>
                <min-length>0</min-length>
                <field-length>0</field-length>
            </attribute-definition>
            <attribute-definition attribute-id="kount_EMAILS">
                <display-name xml:lang="x-default">Kount Order EMAILS</display-name>
                <type>string</type>
                <mandatory-flag>false</mandatory-flag>
                <externally-managed-flag>true</externally-managed-flag>
                <min-length>0</min-length>
                <field-length>0</field-length>
            </attribute-definition>
            <attribute-definition attribute-id="kount_GEOX">
                <display-name xml:lang="x-default">Kount Order GEOX</display-name>
                <type>string</type>
                <mandatory-flag>false</mandatory-flag>
                <externally-managed-flag>true</externally-managed-flag>
                <min-length>0</min-length>
                <field-length>0</field-length>
            </attribute-definition>
            <attribute-definition attribute-id="kount_IP_ORG">
                <display-name xml:lang="x-default">Kount Order IP_ORG</display-name>
                <type>string</type>
                <mandatory-flag>false</mandatory-flag>
                <externally-managed-flag>true</externally-managed-flag>
                <min-length>0</min-length>
                <field-length>0</field-length>
            </attribute-definition>
            <attribute-definition attribute-id="kount_NETW">
                <display-name xml:lang="x-default">Kount Order NETW</display-name>
                <type>string</type>
                <mandatory-flag>false</mandatory-flag>
                <externally-managed-flag>true</externally-managed-flag>
                <min-length>0</min-length>
                <field-length>0</field-length>
            </attribute-definition>
            <attribute-definition attribute-id="kount_OS">
                <display-name xml:lang="x-default">Kount Order OS</display-name>
                <type>string</type>
                <mandatory-flag>false</mandatory-flag>
                <externally-managed-flag>true</externally-managed-flag>
                <min-length>0</min-length>
                <field-length>0</field-length>
            </attribute-definition>
            <attribute-definition attribute-id="kount_SCOR">
                <display-name xml:lang="x-default">Kount Order SCOR</display-name>
                <type>string</type>
                <mandatory-flag>false</mandatory-flag>
                <externally-managed-flag>true</externally-managed-flag>
                <min-length>0</min-length>
                <field-length>0</field-length>
            </attribute-definition>
            <attribute-definition attribute-id="kount_Status">
                <display-name xml:lang="x-default">Kount Order Status</display-name>
                <type>enum-of-string</type>
                <mandatory-flag>false</mandatory-flag>
                <externally-managed-flag>true</externally-managed-flag>
                <value-definitions>
                    <value-definition>
                        <display xml:lang="x-default">Approved</display>
                        <value>APPROVED</value>
                    </value-definition>
                    <value-definition>
                        <display xml:lang="x-default">Hold</display>
                        <value>HOLD</value>
                    </value-definition>
                    <value-definition>
                        <display xml:lang="x-default">Declined</display>
                        <value>DECLINED</value>
                    </value-definition>
                    <value-definition>
                        <display xml:lang="x-default">Retry</display>
                        <value>RETRY</value>
                    </value-definition>
                </value-definitions>
            </attribute-definition>
            <attribute-definition attribute-id="kount_TRAN">
                <display-name xml:lang="x-default">Kount Order Transaction ID</display-name>
                <type>string</type>
                <mandatory-flag>false</mandatory-flag>
                <externally-managed-flag>true</externally-managed-flag>
                <min-length>0</min-length>
                <field-length>0</field-length>
            </attribute-definition>
            <attribute-definition attribute-id="kount_VELO">
                <display-name xml:lang="x-default">Kount Order VELO</display-name>
                <type>string</type>
                <mandatory-flag>false</mandatory-flag>
                <externally-managed-flag>true</externally-managed-flag>
                <min-length>0</min-length>
                <field-length>0</field-length>
            </attribute-definition>
            <attribute-definition attribute-id="kount_VMAX">
                <display-name xml:lang="x-default">Kount Order VMAX</display-name>
                <type>string</type>
                <mandatory-flag>false</mandatory-flag>
                <externally-managed-flag>true</externally-managed-flag>
                <min-length>0</min-length>
                <field-length>0</field-length>
            </attribute-definition>
            <attribute-definition attribute-id="kount_REASON_CODE">
                <display-name xml:lang="x-default">Kount Order REASON CODE</display-name>
                <type>string</type>
                <mandatory-flag>false</mandatory-flag>
                <externally-managed-flag>true</externally-managed-flag>
                <min-length>0</min-length>
                <field-length>0</field-length>
            </attribute-definition>
            <attribute-definition attribute-id="kount_REPLY">
                <display-name xml:lang="x-default">Kount Order REPLY</display-name>
                <type>string</type>
                <mandatory-flag>false</mandatory-flag>
                <externally-managed-flag>true</externally-managed-flag>
                <min-length>0</min-length>
                <field-length>0</field-length>
            </attribute-definition>
			<attribute-definition attribute-id="kount_AVST">
                <display-name xml:lang="x-default">Address Verification System Street</display-name>
                <type>string</type>
                <mandatory-flag>false</mandatory-flag>
                <externally-managed-flag>true</externally-managed-flag>
                <min-length>0</min-length>
            </attribute-definition>
            <attribute-definition attribute-id="kount_AVSZ">
                <display-name xml:lang="x-default">Address Verification System Zip Code</display-name>
                <type>string</type>
                <mandatory-flag>false</mandatory-flag>
                <externally-managed-flag>true</externally-managed-flag>
                <min-length>0</min-length>
            </attribute-definition>
			<attribute-definition attribute-id="kount_CVVR">
                <display-name xml:lang="x-default">Card Verification Value</display-name>
                <type>string</type>
                <mandatory-flag>false</mandatory-flag>
                <externally-managed-flag>true</externally-managed-flag>
                <min-length>0</min-length>
            </attribute-definition>
			<attribute-definition attribute-id="kount_KHash">
                <display-name xml:lang="x-default">Kount KHash</display-name>
                <type>string</type>
                <mandatory-flag>false</mandatory-flag>
                <externally-managed-flag>false</externally-managed-flag>
                <min-length>0</min-length>
            </attribute-definition>
            <attribute-definition attribute-id="kount_SessionId">
                <display-name xml:lang="x-default">Kount session id</display-name>
                <type>string</type>
                <mandatory-flag>false</mandatory-flag>
                <externally-managed-flag>true</externally-managed-flag>
                <min-length>0</min-length>
            </attribute-definition>
        </custom-attribute-definitions>
        <group-definitions>
            <attribute-group group-id="Kount">
                <display-name xml:lang="x-default">Kount</display-name>
                <attribute attribute-id="kount_Status"/>
                <attribute attribute-id="kount_TRAN"/>
                <attribute attribute-id="kount_COUNTRY"/>
                <attribute attribute-id="kount_VELO"/>
                <attribute attribute-id="kount_CARDS"/>
                <attribute attribute-id="kount_OS"/>
                <attribute attribute-id="kount_SCOR"/>
                <attribute attribute-id="kount_BROWSER"/>
                <attribute attribute-id="kount_EMAILS"/>
                <attribute attribute-id="kount_VMAX"/>
                <attribute attribute-id="kount_GEOX"/>
                <attribute attribute-id="kount_IP_ORG"/>
                <attribute attribute-id="kount_NETW"/>
                <attribute attribute-id="kount_DEVICES"/>
                <attribute attribute-id="kount_REPLY"/>
                <attribute attribute-id="kount_REASON_CODE"/>
            </attribute-group>
        </group-definitions>
    </type-extension>
	
	<type-extension type-id="CustomerPaymentInstrument">
		<custom-attribute-definitions>
			<attribute-definition attribute-id="kount_KHash">
                <display-name xml:lang="x-default">Kount KHash</display-name>
                <type>string</type>
                <mandatory-flag>false</mandatory-flag>
                <externally-managed-flag>false</externally-managed-flag>
                <min-length>0</min-length>
            </attribute-definition>
		</custom-attribute-definitions>
	</type-extension>

    <type-extension type-id="SitePreferences">
        <custom-attribute-definitions>
            <attribute-definition attribute-id="kount_APIKey">
                <display-name xml:lang="x-default">kount API Key</display-name>
                <type>string</type>
                <mandatory-flag>false</mandatory-flag>
                <externally-managed-flag>false</externally-managed-flag>
                <min-length>0</min-length>
            </attribute-definition>
            <attribute-definition attribute-id="kount_AUTH_TYPE">
                <display-name xml:lang="x-default">Authorization type</display-name>
                <type>enum-of-string</type>
                <mandatory-flag>false</mandatory-flag>
                <externally-managed-flag>false</externally-managed-flag>
                <value-definitions>
                    <value-definition default="true">
                        <display xml:lang="x-default">Post</display>
                        <value>post</value>
                    </value-definition>
                    <value-definition>
                        <display xml:lang="x-default">Pre</display>
                        <value>pre</value>
                    </value-definition>
                </value-definitions>
            </attribute-definition>
            <attribute-definition attribute-id="kount_ENS">
                <display-name xml:lang="x-default">Enable Event Notification Service</display-name>
                <description xml:lang="x-default">Enable/Disable ENS</description>
                <type>boolean</type>
                <mandatory-flag>false</mandatory-flag>
                <externally-managed-flag>false</externally-managed-flag>
                <default-value>false</default-value>
            </attribute-definition>
            <attribute-definition attribute-id="kount_EmailList">
                <display-name xml:lang="x-default">Kount ENS Email list</display-name>
                <description xml:lang="x-default">Email list for ENS</description>
                <type>set-of-string</type>
                <mandatory-flag>false</mandatory-flag>
                <externally-managed-flag>false</externally-managed-flag>
                <field-length>0</field-length>
            </attribute-definition>
            <attribute-definition attribute-id="kount_IPFilter">
                <display-name xml:lang="x-default">Array of Internal IP Addresses to exclude from Data Collection</display-name>
                <description xml:lang="x-default">Allows to skip step for particular IP address(es). E.g. 192.168.0.1, 10.10.10.1, ...</description>
                <type>text</type>
                <mandatory-flag>false</mandatory-flag>
                <externally-managed-flag>false</externally-managed-flag>
                <field-length>0</field-length>
            </attribute-definition>
            <attribute-definition attribute-id="kount_IsEnabled">
                <display-name xml:lang="x-default">Enable Kount</display-name>
                <description xml:lang="x-default">Enable/Disable Kount</description>
                <type>boolean</type>
                <mandatory-flag>false</mandatory-flag>
                <externally-managed-flag>false</externally-managed-flag>
                <default-value>false</default-value>
            </attribute-definition>
            <attribute-definition attribute-id="kount_isSFRA">
                <display-name xml:lang="x-default">SFRA Site</display-name>
                <type>boolean</type>
                <mandatory-flag>false</mandatory-flag>
                <externally-managed-flag>false</externally-managed-flag>
                <default-value>false</default-value>
            </attribute-definition>
            <attribute-definition attribute-id="kount_MODE">
                <display-name xml:lang="x-default">Mode</display-name>
                <type>enum-of-string</type>
                <mandatory-flag>false</mandatory-flag>
                <externally-managed-flag>false</externally-managed-flag>
                <value-definitions>
                    <value-definition default="true">
                        <display xml:lang="x-default">Test</display>
                        <value>Test</value>
                    </value-definition>
                    <value-definition>
                        <display xml:lang="x-default">Production</display>
                        <value>Production</value>
                    </value-definition>
                </value-definitions>
            </attribute-definition>
            <attribute-definition attribute-id="kount_MerchantID">
                <display-name xml:lang="x-default">Merchant ID</display-name>
                <description xml:lang="x-default">Merchant Number</description>
                <type>string</type>
                <mandatory-flag>false</mandatory-flag>
                <externally-managed-flag>false</externally-managed-flag>
                <min-length>0</min-length>
                <field-length>0</field-length>
                <field-height>0</field-height>
            </attribute-definition>
            <attribute-definition attribute-id="kount_NotificationEmail">
                <display-name xml:lang="x-default">Kount ERROR Notification Email</display-name>
                <description xml:lang="x-default">In case errors entered email will be notified</description>
                <type>set-of-string</type>
                <mandatory-flag>false</mandatory-flag>
                <externally-managed-flag>false</externally-managed-flag>
                <field-length>0</field-length>
            </attribute-definition>
            <attribute-definition attribute-id="kount_RISK_CHANGE_GEOX">
                <display-name xml:lang="x-default">RISK_CHANGE_GEOX</display-name>
                <description xml:lang="x-default">Enable/Disable notification mail</description>
                <type>boolean</type>
                <mandatory-flag>false</mandatory-flag>
                <externally-managed-flag>false</externally-managed-flag>
                <default-value>false</default-value>
            </attribute-definition>
            <attribute-definition attribute-id="kount_RISK_CHANGE_NETW">
                <display-name xml:lang="x-default">RISK_CHANGE_NETW</display-name>
                <description xml:lang="x-default">Enable/Disable notification mail</description>
                <type>boolean</type>
                <mandatory-flag>false</mandatory-flag>
                <externally-managed-flag>false</externally-managed-flag>
                <default-value>false</default-value>
            </attribute-definition>
            <attribute-definition attribute-id="kount_RISK_CHANGE_REAS">
                <display-name xml:lang="x-default">RISK_CHANGE_REAS</display-name>
                <description xml:lang="x-default">Enable/Disable notification mail</description>
                <type>boolean</type>
                <mandatory-flag>false</mandatory-flag>
                <externally-managed-flag>false</externally-managed-flag>
                <default-value>false</default-value>
            </attribute-definition>
            <attribute-definition attribute-id="kount_RISK_CHANGE_REPLY">
                <display-name xml:lang="x-default">RISK_CHANGE_REPLY</display-name>
                <description xml:lang="x-default">Enable/Disable notification mail</description>
                <type>boolean</type>
                <mandatory-flag>false</mandatory-flag>
                <externally-managed-flag>false</externally-managed-flag>
                <default-value>false</default-value>
            </attribute-definition>
            <attribute-definition attribute-id="kount_RISK_CHANGE_SCOR">
                <display-name xml:lang="x-default">RISK_CHANGE_SCOR</display-name>
                <description xml:lang="x-default">Enable/Disable notification mail</description>
                <type>boolean</type>
                <mandatory-flag>false</mandatory-flag>
                <externally-managed-flag>false</externally-managed-flag>
                <default-value>false</default-value>
            </attribute-definition>
            <attribute-definition attribute-id="kount_RISK_CHANGE_VELO">
                <display-name xml:lang="x-default">RISK_CHANGE_VELO</display-name>
                <description xml:lang="x-default">Enable/Disable notification mail</description>
                <type>boolean</type>
                <mandatory-flag>false</mandatory-flag>
                <externally-managed-flag>false</externally-managed-flag>
                <default-value>false</default-value>
            </attribute-definition>
            <attribute-definition attribute-id="kount_RISK_CHANGE_VMAX">
                <display-name xml:lang="x-default">RISK_CHANGE_VMAX</display-name>
                <description xml:lang="x-default">Enable/Disable notification mail</description>
                <type>boolean</type>
                <mandatory-flag>false</mandatory-flag>
                <externally-managed-flag>false</externally-managed-flag>
                <default-value>false</default-value>
            </attribute-definition>
            <attribute-definition attribute-id="kount_ServiceTimeOut">
                <display-name xml:lang="x-default">Kount Service TimeOut</display-name>
                <type>int</type>
                <mandatory-flag>false</mandatory-flag>
                <externally-managed-flag>false</externally-managed-flag>
                <field-length>0</field-length>
                <default-value>5000</default-value>
            </attribute-definition>
            <attribute-definition attribute-id="kount_UDF">
                <display-name xml:lang="x-default">Kount UDF fields</display-name>
                <type>set-of-string</type>
                <mandatory-flag>false</mandatory-flag>
                <externally-managed-flag>false</externally-managed-flag>
            </attribute-definition>
            <attribute-definition attribute-id="kount_WebsiteId">
                <display-name xml:lang="x-default">Website ID</display-name>
                <type>string</type>
                <mandatory-flag>false</mandatory-flag>
                <externally-managed-flag>false</externally-managed-flag>
                <min-length>1</min-length>
                <field-length>8</field-length>
            </attribute-definition>
            <attribute-definition attribute-id="kount_isSFRA">
                <display-name xml:lang="x-default">Using SFRA?</display-name>
                <type>boolean</type>
                <mandatory-flag>false</mandatory-flag>
                <externally-managed-flag>false</externally-managed-flag>
                <default-value>true</default-value>
            </attribute-definition>
			<attribute-definition attribute-id="kount_ExampleVerificationsEnabled">
                <display-name xml:lang="x-default">Enable Example Verifications</display-name>
                <description xml:lang="x-default">Option will add fields on order summary page to simulate address verification and card verification, for testing purpose.</description>
                <type>boolean</type>
                <mandatory-flag>false</mandatory-flag>
                <externally-managed-flag>false</externally-managed-flag>
                <default-value>false</default-value>
            </attribute-definition>
			<attribute-definition attribute-id="kount_HashSaltKey">
                <display-name xml:lang="x-default">Hash Salt Key</display-name>
                <description xml:lang="x-default">Salt Key used for hashing credit card number</description>
                <type>string</type>
                <mandatory-flag>false</mandatory-flag>
                <externally-managed-flag>false</externally-managed-flag>
                <min-length>0</min-length>
            </attribute-definition>
            <attribute-definition attribute-id="kount_IP_RANGE">
                <display-name xml:lang="x-default">Webhook IP Whitelist (CIDR)</display-name>
                <type>string</type>
                <mandatory-flag>false</mandatory-flag>
                <externally-managed-flag>false</externally-managed-flag>
                <min-length>0</min-length>
            </attribute-definition>
            <attribute-definition attribute-id="kount_OrderMaxRetries">
                <display-name xml:lang="x-default">Order Max Retries</display-name>
                <type>int</type>
                <mandatory-flag>false</mandatory-flag>
                <externally-managed-flag>false</externally-managed-flag>
            </attribute-definition>
        </custom-attribute-definitions>
        <group-definitions>
            <attribute-group group-id="Kount">
                <display-name xml:lang="x-default">Kount</display-name>
                <attribute attribute-id="kount_APIKey"/>
                <attribute attribute-id="kount_AUTH_TYPE"/>
                <attribute attribute-id="kount_ENS"/>
                <attribute attribute-id="kount_IP_RANGE"/>
                <attribute attribute-id="kount_EmailList"/>
                <attribute attribute-id="kount_IPFilter"/>
                <attribute attribute-id="kount_WebsiteId"/>
                <attribute attribute-id="kount_MerchantID"/>
                <attribute attribute-id="kount_NotificationEmail"/>
                <attribute attribute-id="kount_RISK_CHANGE_NETW"/>
                <attribute attribute-id="kount_RISK_CHANGE_GEOX"/>
                <attribute attribute-id="kount_RISK_CHANGE_SCOR"/>
                <attribute attribute-id="kount_RISK_CHANGE_VMAX"/>
                <attribute attribute-id="kount_RISK_CHANGE_VELO"/>
                <attribute attribute-id="kount_RISK_CHANGE_REPLY"/>
                <attribute attribute-id="kount_UDF"/>
                <attribute attribute-id="kount_IsEnabled"/>
                <attribute attribute-id="kount_isSFRA"/>
                <attribute attribute-id="kount_MODE"/>
				<attribute attribute-id="kount_ExampleVerificationsEnabled"/>
				<attribute attribute-id="kount_HashSaltKey"/>
                <attribute attribute-id="kount_isSFRA"/>
                <attribute attribute-id="kount_OrderMaxRetries"/>
            </attribute-group>
        </group-definitions>
    </type-extension>
    <custom-type type-id="KountENSQueue">
        <display-name xml:lang="x-default">Kount ENS Queue</display-name>
        <staging-mode>no-staging</staging-mode>
        <storage-scope>site</storage-scope>
        <key-definition attribute-id="ID">
            <type>string</type>
            <min-length>0</min-length>
        </key-definition>
        <attribute-definitions>
            <attribute-definition attribute-id="ensResponseBody">
                <display-name xml:lang="x-default">ENS Response Body</display-name>
                <type>text</type>
                <localizable-flag>false</localizable-flag>
                <mandatory-flag>false</mandatory-flag>
                <externally-managed-flag>false</externally-managed-flag>
            </attribute-definition>
        </attribute-definitions>
        <group-definitions>
            <attribute-group group-id="custom">
                <display-name xml:lang="x-default">Custom</display-name>
                <attribute attribute-id="creationDate" system="true"/>
                <attribute attribute-id="lastModified" system="true"/>
                <attribute attribute-id="ensResponseBody"/>
                <attribute attribute-id="ID"/>
            </attribute-group>
        </group-definitions>
    </custom-type>
</metadata>
